Employee ID,Name,Age,Department,Salary,Joining Date
EMP0001,Brandon Williamson,32,HR,61571,2/18/2021
EMP0002,Robert Moreno,38,HR,88290,7/29/2019
EMP0003,Robert Johnson,37,Data Science,43358,7/10/2019
EMP0004,Rhonda Armstrong,40,Data Science,67631,7/7/2015
EMP0005,Timothy Rubio,49,IT,59248,3/4/2019
EMP0006,Regina Cameron,49,Finance,76187,12/11/2020
EMP0007,Lisa Mullen MD,46,Marketing,88503,8/23/2015
EMP0008,Lisa Small,34,Sales,111554,1/10/2022
EMP0009,Morgan Allen,28,Finance,97509,5/1/2015
EMP0010,Brandon Farrell,36,HR,120197,1/4/2023
EMP0011,Tiffany Martin,52,Finance,35697,11/1/2016
EMP0012,Anthony Wagner,59,Finance,31743,12/3/2018
EMP0013,Angela Clark,51,IT,141807,8/27/2015
EMP0014,Mitchell Schroeder,30,IT,148682,7/8/2021
EMP0015,Tracie Martin,25,Marketing,87811,9/9/2023
EMP0016,Laura Anderson,40,Finance,149699,10/16/2020
EMP0017,Rachel Herring,37,Finance,99619,10/11/2022
EMP0018,James Cooper,24,HR,33243,7/29/2024
EMP0019,Tracy Dunn,31,Sales,126973,9/17/2022
EMP0020,Thomas Wright,45,IT,41795,5/18/2024
EMP0021,Susan Collins,31,HR,123614,11/2/2019
EMP0022,Dawn Carey,24,Data Science,42942,9/24/2015
EMP0023,Virginia Stewart,27,Data Science,111919,7/31/2022
EMP0024,Benjamin Walsh,57,IT,131745,6/24/2016
EMP0025,Lisa Sanchez,44,Data Science,135193,12/17/2017
EMP0026,Curtis Smith,55,IT,101967,9/18/2021
EMP0027,Mary Huynh,45,Finance,128030,11/17/2021
EMP0028,Gary Perez,29,Sales,42219,10/2/2016
EMP0029,Jonathan Galvan,54,HR,111447,2/8/2025
EMP0030,Haley Williams,24,IT,75359,4/1/2016
EMP0031,Carmen Jones,27,Finance,76204,8/14/2021
EMP0032,Lisa Benson,44,Data Science,60806,10/6/2020
EMP0033,Diamond Wilson,57,IT,145208,12/11/2017
EMP0034,Matthew Griffin,58,Marketing,42253,8/21/2023
EMP0035,Mrs. Amber Hogan DVM,58,HR,31894,7/28/2015
EMP0036,Laura Rivera,32,Sales,49984,10/28/2016
EMP0037,Elizabeth Velez DDS,49,Marketing,39776,10/8/2019
EMP0038,Rose Henson,26,Data Science,81845,12/10/2020
EMP0039,Anthony Moore,28,Marketing,122458,3/18/2018
EMP0040,Michael Harmon,22,IT,54548,8/27/2019
EMP0041,Mark Hall,39,Marketing,58100,3/18/2021
EMP0042,Thomas Anderson,42,Data Science,129540,3/29/2018
EMP0043,Tammie Li,49,Finance,118796,3/29/2017
EMP0044,Vanessa Acosta,25,HR,51365,3/14/2023
EMP0045,Leslie Sandoval,29,Finance,109743,2/5/2024
EMP0046,Robert Meadows,50,Marketing,90974,6/14/2020
EMP0047,Angela Abbott,58,Sales,45207,6/1/2022
EMP0048,Regina Hoffman,55,Data Science,103278,3/21/2022
EMP0049,Jacqueline Perry,30,IT,38762,8/9/2016
EMP0050,Derek Wilson,44,Data Science,76559,6/29/2017
EMP0051,Richard Bell,35,Finance,91467,12/27/2017
EMP0052,Terry Smith,38,Finance,93352,3/13/2023
EMP0053,Erin Hall,52,IT,149937,4/10/2024
EMP0054,Stacy Herring,55,Finance,108867,10/8/2024
EMP0055,Colin Ward,30,Finance,121265,8/9/2019
EMP0056,Dr. Andres Fletcher,29,IT,32364,11/4/2020
EMP0057,Lindsey Holt,32,Finance,65147,9/14/2020
EMP0058,Vickie Jones,48,Data Science,34723,8/17/2021
EMP0059,Tonya Johnson,48,IT,126556,12/19/2016
EMP0060,Sylvia Reed,37,HR,68466,6/3/2015
EMP0061,Samantha Morrison,40,Marketing,33171,11/22/2020
EMP0062,Dustin Anderson,54,Finance,87316,1/13/2019
EMP0063,Linda Hunter,35,HR,142949,5/27/2021
EMP0064,Patricia Santiago,41,HR,102066,8/23/2022
EMP0065,Patricia Calderon,30,HR,51362,8/18/2015
EMP0066,Brian Wallace,38,Marketing,35379,8/17/2017
EMP0067,Jared Hopkins,31,HR,89025,7/6/2016
EMP0068,James Calhoun,30,HR,68244,6/5/2024
EMP0069,Jason Elliott,38,Sales,78812,9/15/2016
EMP0070,Timothy Myers,39,HR,53685,10/2/2015
EMP0071,Mariah Miller,46,HR,94728,6/6/2018
EMP0072,Aaron Rice,23,IT,85360,4/25/2024
EMP0073,Angela Bishop,41,Marketing,109595,11/8/2020
EMP0074,Kristen Ballard,34,HR,58393,5/1/2019
EMP0075,Kayla Smith,51,Data Science,44920,1/19/2020
EMP0076,Tamara Howard,42,Marketing,30439,11/9/2021
EMP0077,Kimberly Lynch,48,Marketing,53831,2/13/2022
EMP0078,Nicole Thomas,35,IT,78999,2/24/2020
EMP0079,Clifford Richardson,42,HR,46436,12/24/2017
EMP0080,Thomas Perkins,24,Sales,141751,11/21/2016
EMP0081,Casey Jimenez,36,Sales,139725,4/5/2023
EMP0082,Victoria Rodriguez,44,Data Science,70377,7/26/2023
EMP0083,Douglas Sanders,43,IT,107877,3/16/2016
EMP0084,Meagan Sparks,35,Marketing,91641,5/14/2017
EMP0085,James Eaton,47,Finance,97784,7/17/2019
EMP0086,Gina Thompson,28,Marketing,31892,9/27/2017
EMP0087,James Bailey,32,Finance,100350,1/10/2024
EMP0088,Heather Holloway,50,Finance,95749,4/3/2022
EMP0089,Gregory Johnson,44,HR,50109,7/14/2021
EMP0090,William Paul,34,Finance,138296,8/7/2021
EMP0091,Angela Chapman,47,Data Science,98652,5/14/2021
EMP0092,Sean Dalton,29,Finance,61889,12/15/2024
EMP0093,Kristina Salas,38,Marketing,136030,3/29/2022
EMP0094,Holly Bryant,48,Data Science,89670,5/2/2015
EMP0095,John Bradley,46,HR,107502,8/14/2019
EMP0096,John Sanchez,58,IT,112124,7/19/2018
EMP0097,Cheryl Peters,27,HR,97874,11/12/2023
EMP0098,Joanna Garza,56,Data Science,99004,4/6/2024
EMP0099,Laura Williams,33,Sales,35853,8/11/2024
EMP0100,Scott Brown,46,Sales,73180,8/1/2023
EMP0101,Leon Pena,54,Sales,103141,12/27/2022
EMP0102,Deborah Schmitt,27,Data Science,60648,10/5/2021
EMP0103,Jacob Carroll,31,IT,146150,11/22/2019
EMP0104,Andrew Hall,24,HR,134881,4/8/2021
EMP0105,Edward Campbell,28,Sales,145121,9/18/2020
EMP0106,Amber Lambert DVM,46,IT,39743,6/5/2017
EMP0107,Joshua Williams,22,Sales,57476,10/3/2017
EMP0108,Alexis Hayes,30,Marketing,148085,1/6/2021
EMP0109,Brittney Simmons,27,Finance,130608,9/10/2015
EMP0110,Michelle Burns,30,Data Science,55194,8/24/2021
EMP0111,Nathan Ray,53,Finance,35858,1/24/2016
EMP0112,Anthony Johnson,35,HR,101018,10/13/2022
EMP0113,Joshua White,42,Marketing,115894,7/29/2023
EMP0114,Matthew Myers,45,Sales,77281,12/3/2024
EMP0115,Melissa Hardy,26,Finance,116644,5/14/2020
EMP0116,William King,56,Marketing,119578,2/6/2025
EMP0117,Michael Butler,60,Finance,149490,6/17/2024
EMP0118,Michael Rivera,40,HR,126842,9/23/2019
EMP0119,Leslie Hayes,55,IT,137475,8/13/2019
EMP0120,Michael Turner,46,IT,135289,11/22/2016
EMP0121,Danielle Villanueva,52,Finance,96006,9/13/2018
EMP0122,Christopher Evans,31,Sales,125617,3/21/2023
EMP0123,Adam Spencer,30,Data Science,125594,2/7/2017
EMP0124,Jennifer Reynolds,23,Finance,110732,1/29/2016
EMP0125,Jacob Fleming,32,Data Science,133719,10/21/2016
EMP0126,Gwendolyn Wilson,28,Sales,100749,1/6/2018
EMP0127,Veronica Pacheco,43,HR,67880,10/27/2016
EMP0128,John Hines,35,IT,122341,2/27/2022
EMP0129,Antonio Johnson,34,Data Science,61764,10/10/2020
EMP0130,Meagan Harrington,49,HR,147082,6/21/2020
EMP0131,Monica Patrick,55,Marketing,138934,6/19/2023
EMP0132,Miranda Moore,24,Data Science,52852,10/20/2020
EMP0133,Ashley Osborne,23,HR,129237,8/15/2015
EMP0134,Jade Allen,22,Marketing,72886,5/19/2015
EMP0135,Mark Ellis,60,HR,86796,11/17/2020
EMP0136,Danielle Davis,24,Marketing,129306,4/19/2018
EMP0137,Mindy Johnson,56,Marketing,61306,9/25/2020
EMP0138,Mallory Decker,37,IT,142185,12/24/2022
EMP0139,Ashlee Gregory,26,IT,65494,10/20/2021
EMP0140,Paul Tucker,57,Data Science,113118,12/7/2022
EMP0141,Patrick Flores,55,IT,92619,9/9/2021
EMP0142,Richard Alexander,39,Finance,109822,11/7/2020
EMP0143,Karen Gonzalez,58,Marketing,135024,5/9/2019
EMP0144,James Weaver,59,Sales,105575,11/1/2019
EMP0145,Mrs. Penny Sanders DDS,22,Data Science,62596,1/4/2021
EMP0146,Mindy Rodgers,48,HR,45812,3/4/2018
EMP0147,Stephanie Spence,24,IT,53355,10/20/2020
EMP0148,Angela Brewer,32,Data Science,114111,10/13/2015
EMP0149,Theresa Moss,26,IT,98036,8/9/2015
EMP0150,Karen French,44,Marketing,41193,1/19/2024
EMP0151,Jacob Munoz,42,HR,32876,9/8/2023
EMP0152,Heather Malone,26,Marketing,76845,7/11/2015
EMP0153,Jessica Terry,30,Data Science,83733,4/28/2018
EMP0154,Latoya Walker,27,IT,36903,3/7/2023
EMP0155,Robert Harvey,24,Marketing,64783,3/25/2023
EMP0156,Allison Miller,42,HR,145570,2/7/2016
EMP0157,Paula Taylor,50,Sales,62301,12/3/2016
EMP0158,Jessica Jacobs,48,Finance,37506,12/29/2017
EMP0159,Thomas Hernandez,23,Finance,77666,11/20/2024
EMP0160,Cynthia Callahan,36,IT,71119,12/30/2020
EMP0161,Jose Johnston,52,Marketing,36513,1/28/2025
EMP0162,Robin Shaw,59,Marketing,63083,8/18/2017
EMP0163,Shaun Kelly,30,Marketing,35965,12/17/2016
EMP0164,Samuel Woodard,47,Data Science,139850,4/4/2022
EMP0165,Ronald Andrews,58,IT,146614,8/31/2020
EMP0166,Jason Cohen,46,HR,71111,11/27/2024
EMP0167,Mallory Solomon,45,Sales,69131,12/28/2019
EMP0168,Angela Steele,56,Data Science,113736,12/6/2023
EMP0169,Sylvia Taylor,33,IT,101960,5/28/2022
EMP0170,Sharon Atkinson,34,Marketing,44383,7/16/2019
EMP0171,Zachary Dillon,34,Sales,81014,3/19/2019
EMP0172,Mary Bentley,33,Data Science,32907,2/28/2017
EMP0173,Elizabeth Erickson,52,HR,93753,2/23/2024
EMP0174,Nicholas Velasquez,35,Marketing,109414,9/27/2016
EMP0175,Emily Payne,37,HR,48518,5/14/2016
EMP0176,Tina Bentley,60,Data Science,146462,10/13/2024
EMP0177,John Brown,52,HR,36297,8/13/2024
EMP0178,Matthew Watkins,34,IT,116885,4/14/2023
EMP0179,Michael Frank,60,IT,30210,2/20/2023
EMP0180,Edward Flores,24,IT,131119,11/21/2015
EMP0181,Darin Stevens,28,Marketing,87711,8/8/2022
EMP0182,Wendy Martin,28,IT,34618,4/12/2022
EMP0183,Jessica Kirk,52,IT,100214,1/30/2019
EMP0184,Kelly Turner,26,Finance,75838,3/10/2016
EMP0185,Kent Navarro,28,IT,106535,11/3/2019
EMP0186,Barbara Sanders,52,Data Science,96443,7/1/2016
EMP0187,Edwin Brown,36,HR,107512,4/16/2018
EMP0188,Carol Nguyen,29,IT,144493,10/17/2016
EMP0189,Kelly Montgomery,31,Finance,93943,11/18/2020
EMP0190,David Andrade,37,Finance,104196,3/4/2023
EMP0191,Chad Curtis,48,HR,149859,5/17/2022
EMP0192,Holly Ramirez,54,Marketing,44461,3/29/2019
EMP0193,James Lester,44,HR,140867,3/25/2021
EMP0194,Ashley Nichols DDS,48,Data Science,125685,6/9/2023
EMP0195,Amber Ward,40,HR,144394,9/20/2015
EMP0196,Michael Grant,25,Sales,147626,7/29/2016
EMP0197,Thomas Jackson,50,Sales,71274,8/6/2016
EMP0198,Alexandra Davis,41,Marketing,36772,2/2/2021
EMP0199,Kim Durham,30,Data Science,144267,6/18/2019
EMP0200,Ronald Gomez,58,IT,52887,4/9/2015
EMP0201,Sherry Bass,57,Data Science,43536,2/17/2017
EMP0202,Dr. Francisco Diaz IV,22,Marketing,93852,12/8/2024
EMP0203,Lauren Cain,39,Sales,59672,8/3/2015
EMP0204,Rachel Wong,53,Finance,142763,7/7/2022
EMP0205,Natalie Johnson,31,Marketing,112633,9/4/2021
EMP0206,Crystal Mills,40,Finance,146419,9/8/2018
EMP0207,Gregory Herrera,26,Marketing,83102,9/21/2015
EMP0208,Jeffery Thornton,46,IT,133119,12/9/2018
EMP0209,William Kirby,54,IT,46821,1/11/2017
EMP0210,Christopher Duarte,49,Sales,104906,11/1/2016
EMP0211,Nicole Mitchell,57,Marketing,146082,6/27/2019
EMP0212,Timothy Bishop,32,Finance,71355,3/18/2023
EMP0213,Troy Smith,36,IT,45313,5/9/2019
EMP0214,Christina Frye,51,IT,145708,7/20/2021
EMP0215,Sydney James,36,Data Science,132433,11/1/2015
EMP0216,Mary Ortiz,45,Data Science,77298,4/26/2022
EMP0217,Hannah Lee,50,IT,99516,7/13/2017
EMP0218,Brandy Ayala,26,Marketing,31041,7/7/2015
EMP0219,Alyssa Owen,41,IT,114981,7/15/2015
EMP0220,Ryan Dudley,44,Finance,142024,4/15/2023
EMP0221,Angel Horton,37,Data Science,39193,5/26/2021
EMP0222,Jamie Andersen,51,Data Science,84263,4/8/2022
EMP0223,Patricia Cross,37,Sales,38678,1/20/2021
EMP0224,Jamie White,49,IT,71322,12/5/2024
EMP0225,James Campbell,34,IT,45133,7/26/2022
EMP0226,Nathaniel Thomas,48,Marketing,116214,5/29/2021
EMP0227,Scott Flynn,47,HR,126286,4/23/2015
EMP0228,Kimberly Mendoza,24,Data Science,98019,3/9/2020
EMP0229,Kayla Smith,57,Sales,62511,6/16/2021
EMP0230,Sarah Edwards,30,HR,42492,7/3/2018
EMP0231,Joseph Martinez,36,Finance,62404,8/3/2016
EMP0232,Richard Sharp,22,Finance,130796,3/12/2024
EMP0233,Richard Peck,43,IT,115754,8/29/2020
EMP0234,Dustin Harrison,60,Data Science,132061,8/29/2020
EMP0235,Virginia Gallagher,50,Data Science,50034,3/5/2018
EMP0236,Edward Simmons,55,IT,97399,10/31/2022
EMP0237,Derek Shaw,48,Marketing,79370,11/6/2024
EMP0238,Thomas Martinez,43,Marketing,105318,1/16/2025
EMP0239,Jessica Irwin,51,Finance,141308,2/11/2017
EMP0240,Katrina Moore,35,HR,112334,10/27/2019
EMP0241,Christine Rhodes,39,Marketing,146691,2/3/2016
EMP0242,Jennifer Martinez,43,Finance,55853,5/17/2024
EMP0243,Michael Johnson,45,Data Science,89640,5/12/2020
EMP0244,Jessica Fletcher,30,IT,55400,10/1/2015
EMP0245,Julie Bowers,46,Finance,74104,8/28/2015
EMP0246,Rhonda Simmons,24,HR,92095,4/3/2018
EMP0247,Eugene Scott,46,Marketing,146856,6/12/2021
EMP0248,Jeffrey Thomas,37,HR,139363,7/20/2016
EMP0249,James Copeland,53,Finance,59258,3/15/2015
EMP0250,Richard Hill Jr.,60,IT,116830,9/29/2020
EMP0251,Wayne Walker,54,Data Science,34937,4/5/2019
EMP0252,Rachael Bell,43,HR,111161,2/15/2020
EMP0253,Alexa Mcgee,29,Marketing,81465,10/8/2018
EMP0254,Jamie Proctor DDS,32,Marketing,137471,7/9/2016
EMP0255,Jonathon Sullivan,50,IT,108976,3/5/2021
EMP0256,Tara Smith,59,HR,45385,5/24/2020
EMP0257,Brianna Phillips,48,Sales,126014,9/17/2024
EMP0258,Sean Ramos,56,Marketing,96179,7/28/2019
EMP0259,Megan Jennings,32,Marketing,121749,10/11/2016
EMP0260,Grant Henderson PhD,23,Sales,134337,12/17/2020
EMP0261,Lauren Navarro,33,Finance,87473,11/25/2017
EMP0262,Melissa Gonzalez,33,Finance,104921,8/25/2022
EMP0263,Lauren Patrick,40,IT,145543,8/20/2022
EMP0264,Teresa Vazquez,25,Marketing,148371,12/30/2023
EMP0265,Angela Moss,26,HR,121018,8/9/2022
EMP0266,Lynn Rogers,41,HR,105604,3/25/2022
EMP0267,Jonathan Rubio,24,Sales,74185,3/12/2023
EMP0268,John Mccall,58,Finance,97386,9/22/2023
EMP0269,Matthew Willis,49,Marketing,114215,10/6/2022
EMP0270,Michele Robbins,29,IT,115129,3/1/2016
EMP0271,Mr. Christopher Pope DDS,49,IT,84580,11/11/2017
EMP0272,Carla Clark,41,Sales,133756,5/17/2018
EMP0273,Natalie Page,35,Marketing,123493,6/5/2019
EMP0274,Autumn Ball,54,Marketing,103339,4/17/2021
EMP0275,William Macias,54,Data Science,80647,8/15/2017
EMP0276,Katie Wong,52,IT,102155,5/22/2023
EMP0277,Jonathan Dalton,23,Marketing,33863,3/10/2021
EMP0278,Jennifer Jackson,29,Data Science,127766,8/14/2021
EMP0279,Sara Bauer,31,Sales,121274,5/3/2015
EMP0280,Madison Johnson,27,Marketing,69047,9/8/2020
EMP0281,Samuel Young,31,Finance,148067,11/18/2018
EMP0282,Matthew Smith,47,Finance,131322,3/7/2020
EMP0283,Anna Rocha,29,Marketing,89125,3/11/2022
EMP0284,Blake Villa,24,Marketing,104344,10/17/2018
EMP0285,Julie Drake,22,Finance,147054,10/27/2021
EMP0286,Meredith Kirk,60,Marketing,135363,2/19/2018
EMP0287,Courtney Prince,36,Finance,76227,12/11/2021
EMP0288,Michele Howard,51,Sales,58418,2/3/2017
EMP0289,Harold Horn,41,Data Science,65777,9/24/2019
EMP0290,Carla Harris,51,HR,79934,9/4/2019
EMP0291,David Quinn,32,Marketing,114246,8/23/2024
EMP0292,Theresa Jones,59,Finance,77283,4/25/2019
EMP0293,Wesley Contreras,43,Marketing,149106,11/21/2017
EMP0294,Patricia Juarez,26,IT,121352,9/9/2022
EMP0295,Shaun Bruce,49,Finance,33346,11/15/2019
EMP0296,Christopher Williams,40,Sales,105317,2/17/2018
EMP0297,Shelley George,44,Sales,103473,2/25/2016
EMP0298,Stephanie Griffith,50,IT,66868,2/4/2022
EMP0299,Deanna Brock,24,HR,111969,8/5/2015
EMP0300,Samuel Burke,41,Finance,103019,4/29/2024
EMP0301,Michael Peterson,54,IT,36971,4/27/2020
EMP0302,Kim King,30,Data Science,47711,7/9/2017
EMP0303,James Small,23,Data Science,129886,3/14/2020
EMP0304,Connie Baker,33,Data Science,55561,9/30/2022
EMP0305,Tony Silva,42,Sales,141142,12/27/2024
EMP0306,Wanda Mooney,26,Sales,92003,7/4/2020
EMP0307,Luis Hall,45,Finance,44713,8/23/2018
EMP0308,Anthony Carroll,35,Marketing,84659,4/5/2022
EMP0309,Terry Allen,35,IT,124201,11/28/2015
EMP0310,Danielle Stone,39,Finance,56443,10/2/2021
EMP0311,Brittany Graves,41,Marketing,123648,6/20/2020
EMP0312,Frances Scott,32,Sales,121960,12/15/2019
EMP0313,Mrs. Katrina Reed,27,Data Science,133083,12/8/2023
EMP0314,Chloe Cisneros,54,IT,98936,5/9/2016
EMP0315,Rachel Olson,58,Sales,140061,11/13/2016
EMP0316,James Escobar,50,IT,113612,8/30/2015
EMP0317,Kelly Stewart,36,Finance,62195,7/23/2015
EMP0318,John Mann,34,Data Science,80129,5/6/2019
EMP0319,Kristen Sanders,30,Data Science,119358,1/3/2021
EMP0320,Jonathan Fisher,44,Data Science,143860,8/12/2016
EMP0321,Alicia Cooper,37,Marketing,148662,5/8/2023
EMP0322,Zachary Davis,32,Finance,113013,1/7/2019
EMP0323,Matthew Contreras,57,Finance,42620,6/30/2019
EMP0324,Lindsey Long,43,Sales,39382,3/6/2022
EMP0325,Mary Schwartz,57,HR,38188,5/5/2018
EMP0326,Timothy Massey,59,Sales,75567,5/19/2016
EMP0327,Anthony Harris,34,Marketing,142878,6/7/2019
EMP0328,Mark Davis,22,HR,94706,10/6/2023
EMP0329,Deanna Smith,28,Finance,87468,2/10/2022
EMP0330,Gregory Mitchell,60,Marketing,119717,3/20/2017
EMP0331,Benjamin Kline,26,Sales,100314,1/5/2020
EMP0332,Kenneth Gray,35,HR,68754,9/12/2017
EMP0333,Erin Gonzalez,45,HR,118591,2/11/2022
EMP0334,Michael Rogers,56,Sales,43758,4/10/2022
EMP0335,Nathan George,47,Sales,95037,3/13/2020
EMP0336,Victoria Barnes,28,Sales,84816,9/14/2019
EMP0337,Steven Smith,43,Finance,33871,7/3/2021
EMP0338,Jesus Hull,33,Data Science,72767,11/3/2021
EMP0339,James Johnson,26,Finance,96246,5/2/2016
EMP0340,Stephen Moore,34,Marketing,61660,6/7/2017
EMP0341,Chad Harris,57,IT,90204,11/29/2017
EMP0342,Luis Chandler,39,HR,101461,10/14/2022
EMP0343,Joseph Herman,34,Sales,46846,5/7/2020
EMP0344,Kristen Carr,53,Sales,67288,5/4/2024
EMP0345,Kylie Robinson,37,Sales,88267,2/14/2025
EMP0346,Anthony Johnson,56,Data Science,140990,9/30/2015
EMP0347,Jason Patterson,59,Sales,96957,3/15/2021
EMP0348,Barbara Bird,49,Sales,131738,3/15/2024
EMP0349,David Hoover,44,Sales,33310,10/17/2022
EMP0350,Alison Ross,31,Finance,59638,2/20/2017
EMP0351,Henry Carter,31,Data Science,118760,12/8/2021
EMP0352,Connie Ford,60,Sales,40503,7/12/2018
EMP0353,David Mora,30,Marketing,106379,11/27/2016
EMP0354,Thomas Taylor,48,IT,138942,10/8/2016
EMP0355,Ethan Swanson,26,HR,77381,12/13/2017
EMP0356,Cynthia Kelly,45,Marketing,97207,3/24/2021
EMP0357,Susan Young,42,Data Science,30999,6/4/2019
EMP0358,Christian Morales,37,Finance,121340,10/3/2018
EMP0359,Angela Wagner,47,Finance,57110,6/21/2022
EMP0360,Tom Leach,50,HR,138334,1/8/2016
EMP0361,Micheal Greer,29,HR,95122,1/5/2018
EMP0362,Nicole Kramer,58,Marketing,85563,5/20/2023
EMP0363,Tricia Washington,58,IT,58914,8/29/2016
EMP0364,Willie Watson,57,Finance,113750,7/20/2023
EMP0365,Scott Price Jr.,49,Sales,122500,12/27/2024
EMP0366,Margaret Jenkins,57,IT,133190,8/29/2024
EMP0367,Derek Castillo,43,Finance,44177,5/26/2024
EMP0368,Cory Wilson,53,Sales,66702,8/23/2020
EMP0369,Breanna Sanchez,60,Finance,106868,11/20/2020
EMP0370,Amber Thomas,27,Sales,65400,1/24/2016
EMP0371,Stacy Salas,22,HR,87755,2/17/2025
EMP0372,Katherine Becker,60,Data Science,102104,3/27/2020
EMP0373,Sarah Smith,36,Sales,103484,3/8/2021
EMP0374,Sean Mooney,60,Finance,89752,11/25/2020
EMP0375,Brianna Davila,41,Sales,45036,6/25/2020
EMP0376,Jonathan Bennett,38,Sales,51608,2/21/2022
EMP0377,Dana Dominguez,39,HR,101335,6/27/2017
EMP0378,Tammy Burgess,44,Sales,137274,4/9/2016
EMP0379,Daniel Marshall,35,Sales,58510,9/8/2024
EMP0380,Randy Crawford,33,Finance,103539,6/12/2017
EMP0381,Donald Arellano,51,Finance,74801,6/6/2016
EMP0382,Holly Moore,55,IT,43132,12/25/2016
EMP0383,Kristin Coleman,39,Marketing,47915,9/23/2021
EMP0384,Keith Rodriguez,25,IT,110955,1/16/2018
EMP0385,Heather Bradley,50,HR,38179,2/21/2020
EMP0386,Abigail Chen,22,Sales,135225,5/2/2020
EMP0387,Francis Jordan,35,Finance,104704,9/22/2022
EMP0388,James Gentry,32,Finance,101780,6/2/2023
EMP0389,Oscar Smith,36,Data Science,142926,3/21/2017
EMP0390,Ronald Gardner,53,Marketing,56601,2/27/2018
EMP0391,James White,39,Finance,149903,8/16/2022
EMP0392,Jeremy Stevenson,50,Data Science,59856,6/13/2022
EMP0393,John Scott,48,Finance,79479,10/4/2015
EMP0394,Catherine Thompson,58,Marketing,141430,4/26/2022
EMP0395,Kathy Ochoa,43,Data Science,109021,7/26/2022
EMP0396,Benjamin Gomez,26,HR,36029,2/28/2016
EMP0397,Anna Haley,32,Sales,92729,4/24/2024
EMP0398,Stephanie Knight,52,Finance,68534,12/8/2017
EMP0399,Darren Romero,44,Finance,120423,8/23/2015
EMP0400,Crystal Brown,57,IT,141825,8/9/2018
EMP0401,Rebecca Garcia,26,Data Science,111591,10/12/2022
EMP0402,Paul Hampton,43,Marketing,95763,12/29/2017
EMP0403,Bobby Mathis,34,Marketing,102015,7/2/2020
EMP0404,Melanie Jenkins,25,Marketing,110394,5/6/2015
EMP0405,Janice Martinez,30,HR,124625,10/31/2019
EMP0406,Tanya Mcpherson,60,Finance,66902,7/31/2015
EMP0407,Judy Arellano,42,Marketing,128540,9/25/2018
EMP0408,Katherine Harris,60,HR,141470,8/23/2024
EMP0409,Steve Hunter,32,Finance,66011,5/19/2020
EMP0410,Tyler Graham,56,IT,121830,1/14/2017
EMP0411,Erica Becker,37,Finance,45244,2/28/2020
EMP0412,Lindsey Harris,58,Finance,43834,1/17/2019
EMP0413,Kelly Russell,32,IT,76046,10/26/2019
EMP0414,Luke Ruiz,59,IT,92781,6/27/2024
EMP0415,Michele Bentley,44,Marketing,117874,6/16/2023
EMP0416,Christy Odom,22,Finance,84290,1/31/2023
EMP0417,Jason Pham,34,Sales,80848,5/29/2017
EMP0418,Victor Morrow MD,47,HR,36327,12/13/2018
EMP0419,Jeff Simpson,44,Data Science,108985,12/15/2018
EMP0420,Robert Coleman,55,HR,76147,8/25/2022
EMP0421,Mr. Joshua Edwards PhD,46,Data Science,39447,7/5/2023
EMP0422,Eric Miller,50,HR,41942,11/26/2023
EMP0423,Christopher Callahan,25,HR,109632,11/27/2018
EMP0424,Catherine Snyder,45,HR,83540,7/6/2023
EMP0425,Amy Moore,43,Marketing,123224,11/6/2021
EMP0426,Autumn Sutton,22,Sales,36909,2/10/2017
EMP0427,Kenneth Black,32,IT,66625,5/2/2018
EMP0428,Keith Thompson,42,HR,31538,5/13/2023
EMP0429,Kevin Le,45,Sales,75628,6/6/2023
EMP0430,Anthony Davis,55,HR,34064,11/1/2023
EMP0431,Mark Rhodes,42,Finance,120027,9/14/2015
EMP0432,Michael Reynolds,38,Sales,128555,9/24/2021
EMP0433,Sarah Murphy,57,Marketing,71087,12/9/2023
EMP0434,Jeremy Phillips,32,Marketing,106717,9/19/2022
EMP0435,Teresa Martin,39,Finance,96018,11/23/2015
EMP0436,Wayne Valentine,22,Sales,45754,9/1/2021
EMP0437,Nancy Rivers,46,Sales,52373,3/17/2022
EMP0438,Eric Smith,43,Finance,133666,12/23/2021
EMP0439,Alex Griffin,52,IT,142092,2/24/2023
EMP0440,Michael Navarro,39,IT,68689,5/31/2017
EMP0441,Raymond Gaines,44,HR,45487,9/17/2017
EMP0442,Richard Weaver,29,Sales,117054,1/26/2017
EMP0443,Jill Brandt,36,Sales,149944,1/31/2016
EMP0444,Eric Little,35,Finance,90355,11/2/2023
EMP0445,Anthony Cunningham,29,IT,77631,2/16/2023
EMP0446,Mr. Joshua Miller MD,60,Data Science,67357,2/20/2016
EMP0447,Shelley Woods,27,Sales,117064,6/28/2023
EMP0448,Amber Lee DVM,24,Finance,114969,5/6/2023
EMP0449,Carly Stout,55,Finance,44499,7/18/2018
EMP0450,Michelle Morales,40,HR,34590,1/7/2019
EMP0451,Carol Ingram,36,Sales,131233,1/19/2023
EMP0452,Katherine King,33,Finance,125485,11/23/2017
EMP0453,Anna Brooks,47,HR,101566,9/26/2020
EMP0454,Cynthia Hines,31,IT,36939,9/26/2016
EMP0455,Nathan Smith,26,Sales,32176,6/14/2024
EMP0456,Dylan Davis,36,Finance,58034,8/11/2022
EMP0457,Frederick Jacobs,37,Finance,39660,8/6/2015
EMP0458,Barbara Mccormick,54,Finance,117768,9/11/2018
EMP0459,William Smith,36,IT,76103,12/2/2022
EMP0460,Jermaine Gardner,42,HR,133482,5/11/2019
EMP0461,Christina Miles,60,Sales,100893,3/17/2017
EMP0462,Samantha Johnson,52,Marketing,40812,3/5/2023
EMP0463,Lauren Simmons,28,Sales,75534,7/9/2017
EMP0464,Jessica Braun,56,Data Science,90905,10/13/2019
EMP0465,Helen Shepard,55,Finance,50906,4/17/2017
EMP0466,Andrew Thomas,48,IT,51083,6/19/2020
EMP0467,Melanie Rush,51,HR,58414,12/1/2017
EMP0468,Peter Stevens,52,IT,92726,12/10/2015
EMP0469,Jane Thomas,23,Sales,80737,9/16/2018
EMP0470,Tracy Gray,30,IT,87576,4/12/2019
EMP0471,Edgar Rivers,60,Marketing,135284,6/4/2020
EMP0472,Lori Herrera,22,Marketing,81057,1/7/2019
EMP0473,Laura Bean,25,IT,113869,5/18/2017
EMP0474,Michael Dickerson,40,Marketing,141891,9/7/2018
EMP0475,Amber Stewart,22,Finance,109278,7/21/2023
EMP0476,Jeffery Anderson,56,Finance,119611,4/14/2016
EMP0477,Susan Torres,52,Marketing,148815,1/12/2018
EMP0478,Allison Medina,39,HR,69336,7/11/2022
EMP0479,Lorraine Austin,52,Marketing,122467,10/1/2018
EMP0480,Amber Flores MD,50,IT,76768,9/17/2016
EMP0481,Matthew Patel,39,Data Science,100664,5/12/2015
EMP0482,Tony Vargas,24,Finance,130126,3/27/2016
EMP0483,Scott Mayo,59,Sales,97551,6/30/2022
EMP0484,Michelle Ellis,25,Sales,116743,3/16/2024
EMP0485,Michael Austin,55,Sales,67630,9/1/2016
EMP0486,Michael White,59,Finance,80689,6/7/2020
EMP0487,Craig Stewart,59,Finance,66793,10/21/2024
EMP0488,Robert Scott,55,Sales,41631,7/7/2016
EMP0489,Jonathan Tucker,53,Sales,43088,3/3/2017
EMP0490,Rebecca Garza,36,HR,56760,4/14/2015
EMP0491,Christopher Bass,43,Data Science,103277,6/21/2019
EMP0492,Kimberly Mcintyre,51,Data Science,128830,10/13/2017
EMP0493,Anthony Carlson,55,IT,95068,3/31/2019
EMP0494,Amy Woodard,41,IT,95118,5/25/2020
EMP0495,Christopher Lewis,24,Marketing,142844,8/4/2018
EMP0496,Allison Williams,56,Data Science,138934,5/15/2021
EMP0497,Crystal Brown,30,Sales,140111,5/6/2021
EMP0498,Rebecca Morgan,58,Data Science,86773,2/10/2021
EMP0499,Kenneth Hess,36,HR,73664,5/12/2015
EMP0500,Joshua Leon,58,Finance,141874,5/16/2017
EMP0501,Paige Padilla,47,IT,59031,7/22/2021
EMP0502,Mark Wright,22,HR,142472,12/11/2021
EMP0503,Nicole Washington,38,Finance,122452,1/28/2025
EMP0504,Edward Alexander,32,Sales,65675,8/29/2022
EMP0505,Amanda Benson,23,Data Science,41884,1/22/2023
EMP0506,Kaitlyn Pruitt,41,IT,82670,10/13/2015
EMP0507,Billy Hill,27,IT,106652,6/18/2020
EMP0508,Bradley Bell,52,Marketing,99147,1/11/2019
EMP0509,Richard Gibson,57,Finance,111741,9/20/2015
EMP0510,Dana Goodwin,58,Data Science,84312,1/9/2020
EMP0511,Donald Hernandez,29,Finance,145026,9/19/2022
EMP0512,Felicia Wilson,43,Finance,60446,4/3/2022
EMP0513,Kathy Small,36,IT,136290,5/1/2023
EMP0514,Jessica Frey,29,Sales,127976,1/3/2021
EMP0515,Donald Underwood,39,Finance,131474,5/11/2015
EMP0516,David Carlson,44,Sales,97629,12/4/2017
EMP0517,Joanna Brooks,33,Sales,43352,7/2/2022
EMP0518,Jonathan Decker,47,Sales,69347,3/25/2021
EMP0519,Teresa Parks,29,Sales,127830,7/4/2017
EMP0520,Jeremy Huff,26,Sales,34105,5/26/2018
EMP0521,Hailey Shepherd,28,HR,38046,2/2/2016
EMP0522,Kimberly Hall,28,Sales,118329,1/21/2024
EMP0523,Andrew Rivera,31,Marketing,36043,8/6/2023
EMP0524,Tammy Davis DVM,53,IT,117866,1/17/2018
EMP0525,Kimberly Brown MD,25,HR,31709,4/17/2018
EMP0526,Lauren Davis,36,IT,71315,2/21/2017
EMP0527,Timothy Spencer,33,IT,94213,12/2/2022
EMP0528,Kyle Fletcher,29,Data Science,87552,4/14/2019
EMP0529,Jessica Simpson,47,Finance,123861,12/30/2022
EMP0530,Adam Munoz,37,IT,142168,7/5/2016
EMP0531,Emily Hebert,50,Finance,76709,5/19/2017
EMP0532,Wendy Barber,46,Data Science,110981,12/8/2015
EMP0533,Keith Martin,39,Marketing,88359,11/13/2022
EMP0534,Ryan Graves,59,Marketing,47127,7/16/2015
EMP0535,Brian Shepherd,44,Finance,77299,7/28/2017
EMP0536,Christopher Marshall,56,Data Science,128347,10/22/2021
EMP0537,Amber Harrell,42,Finance,44035,9/27/2019
EMP0538,Mrs. Danielle Ross,37,Finance,95553,10/23/2024
EMP0539,Kelly Guerrero,46,HR,130342,5/17/2023
EMP0540,Pedro Young,42,Marketing,103847,7/4/2017
EMP0541,Brian Byrd,43,Data Science,80074,11/23/2023
EMP0542,Gina Jackson,25,HR,65096,12/22/2018
EMP0543,Joy Johnson,41,Data Science,57717,11/15/2021
EMP0544,Brad Stephens,43,Data Science,94776,8/31/2017
EMP0545,Jane Rice,24,IT,68865,4/7/2017
EMP0546,James Myers,26,Sales,61610,11/8/2015
EMP0547,Mark Winters,45,Sales,112859,3/15/2018
EMP0548,Jeffrey Phillips,32,HR,142756,2/15/2023
EMP0549,Lauren Pham,38,Data Science,41305,6/12/2023
EMP0550,Alyssa Mitchell,39,Sales,40081,2/26/2017
EMP0551,Timothy Vasquez,43,Data Science,149791,6/26/2020
EMP0552,Shelby Madden,42,HR,123489,5/15/2023
EMP0553,Katherine Fox,55,Finance,123977,5/1/2024
EMP0554,Megan Richard,43,IT,57904,6/10/2017
EMP0555,Kevin Wilcox,37,Finance,51808,4/6/2023
EMP0556,Matthew Bowers,24,IT,85134,9/20/2019
EMP0557,Frederick Martin,29,IT,127663,11/10/2015
EMP0558,Sarah Mckinney,25,Finance,96322,5/3/2015
EMP0559,Gregory Dennis,29,Sales,147074,1/3/2019
EMP0560,Adrian Scott MD,25,Marketing,64858,1/23/2020
EMP0561,David Wiggins,50,HR,99307,8/25/2022
EMP0562,Carrie Hernandez,31,Marketing,94815,8/31/2024
EMP0563,Christopher Mann,40,Sales,78919,4/4/2023
EMP0564,Matthew Anderson,57,Sales,131473,5/25/2023
EMP0565,Cassandra Mays,43,Data Science,123465,4/24/2021
EMP0566,Sara Adams,59,Finance,53916,1/8/2018
EMP0567,Kelly Freeman,28,Data Science,67756,1/23/2017
EMP0568,Adrian Larsen,24,Finance,34078,11/14/2024
EMP0569,Jennifer Green,53,Sales,134621,12/31/2015
EMP0570,Amy Leonard,27,Marketing,52825,12/26/2015
EMP0571,Kevin Morgan,24,Sales,97147,5/21/2022
EMP0572,Melvin Baird,30,HR,77564,12/23/2022
EMP0573,Lisa Murillo,39,Sales,77818,5/28/2023
EMP0574,Eric Schmidt,33,Data Science,75977,6/9/2023
EMP0575,Mark Edwards,54,Data Science,66509,10/22/2020
EMP0576,Cody Hampton,55,Sales,121637,4/8/2018
EMP0577,Alan Stevens,53,HR,77232,7/12/2020
EMP0578,Kevin Gamble,41,Finance,129486,9/23/2023
EMP0579,Stephanie Chen,60,Sales,127416,2/13/2020
EMP0580,Christopher Mack,33,HR,37933,3/23/2021
EMP0581,Colton Rodgers,33,Data Science,36905,1/3/2017
EMP0582,Melissa Rios,48,Data Science,75663,8/16/2019
EMP0583,Abigail Mata,44,Marketing,114353,10/3/2017
EMP0584,Sara Tucker,22,Data Science,132488,7/26/2020
EMP0585,Bianca Bishop,22,HR,118789,3/12/2016
EMP0586,Andrew Jimenez,44,Data Science,111174,12/26/2023
EMP0587,Andre Atkins,48,Finance,130209,2/10/2025
EMP0588,Carrie Thompson,52,Marketing,109180,9/8/2018
EMP0589,Shannon Ramirez,36,Finance,122133,1/6/2019
EMP0590,Melanie Diaz,56,Data Science,107966,5/15/2023
EMP0591,Lee Soto,46,Data Science,110002,6/4/2016
EMP0592,Rose Haynes,52,Marketing,40236,11/27/2016
EMP0593,Tammy Green,57,HR,93615,6/20/2020
EMP0594,Sandra Hines,27,HR,59634,1/27/2017
EMP0595,Andrea Sanders,43,Data Science,78935,9/17/2021
EMP0596,Carolyn Fleming,44,IT,91914,7/6/2016
EMP0597,Becky Wood,56,Sales,130471,6/2/2021
EMP0598,Benjamin Jackson,25,IT,127971,3/31/2018
EMP0599,Richard Moore,43,Finance,32524,12/14/2020
EMP0600,Zachary White,54,Marketing,118198,11/21/2019
EMP0601,Jeffrey Marshall PhD,50,Finance,128218,11/28/2021
EMP0602,Holly Hoover,33,Sales,82639,11/13/2020
EMP0603,Keith Higgins,53,Finance,71972,5/10/2015
EMP0604,April Peterson,28,Data Science,85371,8/30/2024
EMP0605,Melissa Silva,30,Finance,133167,7/24/2022
EMP0606,Heidi Mcclain,47,IT,79270,4/18/2018
EMP0607,Andrew Harris,28,HR,62939,10/20/2018
EMP0608,Kayla Davis,57,Sales,107711,3/13/2019
EMP0609,John Williams,55,Sales,80202,2/20/2016
EMP0610,Jessica Roberson,38,Marketing,142944,3/4/2020
EMP0611,Lisa Doyle,27,IT,31289,9/11/2015
EMP0612,Natasha Newton,35,Finance,108448,7/20/2024
EMP0613,Emily Thomas,27,Marketing,126399,10/21/2022
EMP0614,Jaclyn Blake,54,Finance,86012,7/7/2021
EMP0615,David Hill,47,Marketing,72860,9/29/2019
EMP0616,Carlos Perez,35,Marketing,70872,5/27/2022
EMP0617,Jeffrey Powell,59,IT,85429,6/8/2016
EMP0618,James Smith,51,Data Science,109208,10/15/2022
EMP0619,Alexis Kelly,57,Finance,118582,7/25/2021
EMP0620,Joseph Davis,31,Finance,96893,4/2/2017
EMP0621,Jeremy Smith,38,Marketing,84437,8/20/2016
EMP0622,Anthony Herman,53,IT,135739,6/10/2021
EMP0623,Jamie Werner,39,Sales,53640,10/8/2022
EMP0624,Ian Garcia,44,Data Science,96244,1/6/2023
EMP0625,Jenny Contreras,34,HR,139765,10/25/2019
EMP0626,Jessica Noble,60,Marketing,79650,3/5/2017
EMP0627,James Moreno,23,Finance,112340,3/28/2020
EMP0628,Jessica Frey,49,Finance,86252,3/4/2022
EMP0629,Sandra Miller,48,Marketing,91073,3/12/2023
EMP0630,Denise Santos,35,Sales,69581,12/1/2023
EMP0631,John Hines,48,Sales,105066,1/25/2023
EMP0632,Chad Bradley,43,Marketing,32241,2/12/2018
EMP0633,Alexander Carlson,35,HR,47399,5/15/2015
EMP0634,Joseph Arias,27,Finance,131143,1/20/2021
EMP0635,Vanessa Pratt,50,Marketing,30847,7/7/2016
EMP0636,Meagan Buckley,24,Marketing,132669,10/15/2018
EMP0637,Parker Franco,50,Finance,141408,8/24/2024
EMP0638,Juan Jones,29,Sales,80428,2/2/2017
EMP0639,Emily Hawkins,45,Sales,97885,7/23/2022
EMP0640,Thomas Stephens,24,Marketing,52743,1/26/2017
EMP0641,Dr. Christopher Juarez DDS,25,HR,117776,2/24/2022
EMP0642,Tammy Lopez,33,HR,59274,5/5/2017
EMP0643,Logan Hamilton,41,Data Science,90813,4/25/2019
EMP0644,Christina Simpson,53,Finance,45407,4/15/2018
EMP0645,Wendy Kennedy,45,IT,80491,7/1/2016
EMP0646,Steven Newman,59,Sales,128841,5/18/2017
EMP0647,Christopher Hatfield,55,Finance,138276,3/12/2023
EMP0648,Dr. Jill Schmidt,50,Data Science,65099,8/18/2021
EMP0649,Benjamin Good,26,Finance,86083,12/15/2022
EMP0650,Jonathan Bennett,60,Finance,92695,4/13/2018
EMP0651,Rebecca Montgomery,28,Finance,62136,10/31/2022
EMP0652,Anna Cox,35,HR,71419,6/6/2021
EMP0653,Elizabeth Matthews,49,Marketing,86814,11/2/2016
EMP0654,Beth Hall,47,Data Science,82241,7/31/2024
EMP0655,Mr. Phillip Mendez,29,Data Science,109518,1/16/2017
EMP0656,Keith Gonzalez,27,Sales,49151,9/8/2023
EMP0657,Natalie Snyder,36,Sales,43584,5/23/2017
EMP0658,Paul Price,49,IT,68273,8/22/2023
EMP0659,Dr. Gabriella Gonzalez,59,Marketing,81930,3/25/2019
EMP0660,Crystal Martinez,35,IT,116937,3/5/2024
EMP0661,Ashley Nichols,47,Data Science,133912,7/8/2023
EMP0662,Christina Scott,29,HR,110317,8/1/2020
EMP0663,Tammy Patel,47,Sales,73097,11/27/2022
EMP0664,Cheryl Kirby,60,IT,53223,7/25/2022
EMP0665,Matthew Ramos,36,Finance,127854,9/7/2015
EMP0666,Susan Butler,59,Sales,89243,6/5/2020
EMP0667,Jodi Hughes,28,IT,60456,12/18/2024
EMP0668,John Ramos,38,HR,61083,3/30/2018
EMP0669,Noah Ross,49,HR,78471,4/26/2020
EMP0670,Susan Chapman,47,HR,138622,8/4/2020
EMP0671,Cory Collins,23,HR,54303,10/3/2018
EMP0672,Victor Martinez,56,IT,41959,4/2/2024
EMP0673,Justin Montgomery,42,Marketing,70021,3/9/2016
EMP0674,Olivia Romero,28,Sales,104097,8/26/2024
EMP0675,Robert Peters,41,IT,137119,10/25/2015
EMP0676,Martha Moore,44,HR,146365,10/1/2016
EMP0677,Sarah Lopez,53,Marketing,63682,10/11/2020
EMP0678,James Harrell,54,HR,113025,8/18/2023
EMP0679,Tanya Daniel,59,IT,87426,11/8/2020
EMP0680,Kevin Stewart,39,HR,142531,6/22/2016
EMP0681,Ashley Wright,31,Sales,33280,3/29/2018
EMP0682,Jennifer Bryant,25,IT,143863,1/8/2023
EMP0683,Amanda Kelly,29,Marketing,136264,12/23/2023
EMP0684,Shawn Parsons,38,HR,101152,2/7/2024
EMP0685,Maria Vega,48,Marketing,83583,2/17/2025
EMP0686,Savannah Davis,58,Finance,112291,3/7/2020
EMP0687,Joseph Koch,54,IT,134192,4/16/2023
EMP0688,Sherri Mitchell,48,Data Science,57577,11/9/2024
EMP0689,Megan Summers,52,IT,41254,11/23/2016
EMP0690,Destiny Anderson,37,Marketing,148238,5/24/2019
EMP0691,Stacey Porter,52,Marketing,137993,6/9/2022
EMP0692,Thomas Thomas,57,HR,75855,8/27/2018
EMP0693,Cody Strong,33,Marketing,54321,11/2/2023
EMP0694,Christopher Castillo,40,HR,121971,2/27/2016
EMP0695,David Cook,51,IT,46914,2/10/2020
EMP0696,Angela Thompson,53,Finance,74941,12/10/2022
EMP0697,Wayne King,22,Marketing,59075,3/16/2024
EMP0698,Charles Ford,37,IT,122041,10/29/2023
EMP0699,Hunter Mejia,37,HR,102743,8/21/2022
EMP0700,Robin Brewer,38,HR,136030,4/4/2015
EMP0701,Paul Bryan,51,HR,54369,3/30/2015
EMP0702,Matthew Gutierrez PhD,38,HR,137642,3/10/2024
EMP0703,Melissa Lopez,28,Data Science,45595,5/2/2022
EMP0704,Tamara Tucker,30,Data Science,77344,6/14/2015
EMP0705,Gregory Morris,27,Finance,48845,7/22/2021
EMP0706,Daniel Duke,52,Marketing,84947,3/6/2023
EMP0707,Michael Miller,45,Sales,95131,8/21/2016
EMP0708,Latoya Walton,55,Finance,91174,9/3/2017
EMP0709,Dwayne Cooper,59,HR,30458,12/22/2018
EMP0710,Scott Hogan,25,Finance,143134,8/1/2021
EMP0711,Mary Turner,23,Finance,36203,8/14/2017
EMP0712,Mr. Nicholas Jones,37,HR,141396,8/17/2016
EMP0713,Derek Palmer,59,Data Science,88966,8/2/2017
EMP0714,Paul Rollins,56,HR,119546,2/15/2022
EMP0715,Dawn Rogers,51,IT,103161,6/5/2023
EMP0716,Philip Payne,47,Finance,81474,3/24/2021
EMP0717,Timothy Perkins,26,HR,71457,6/28/2022
EMP0718,Sarah Hernandez,29,HR,90639,5/5/2018
EMP0719,Jeremy Martin,34,Marketing,97879,5/20/2022
EMP0720,Terry Warner,47,Marketing,136097,7/19/2016
EMP0721,Jennifer Lewis,35,Marketing,45101,7/26/2017
EMP0722,Mike Duke,35,HR,37879,5/22/2021
EMP0723,Jason White,57,Finance,127810,6/3/2021
EMP0724,Robert Rodriguez,55,Marketing,136586,4/11/2016
EMP0725,Jonathan Vasquez,33,Data Science,74235,5/16/2021
EMP0726,Bethany Diaz,45,Marketing,65988,3/11/2023
EMP0727,Judy Combs,40,Data Science,137768,7/22/2016
EMP0728,Peter Compton,47,Finance,45145,1/24/2016
EMP0729,Holly Olson,30,Marketing,114442,2/9/2019
EMP0730,Kyle Jennings,51,Finance,50750,7/20/2020
EMP0731,Ronnie Watkins,57,IT,74720,2/7/2023
EMP0732,Omar Walker,27,Sales,50448,6/25/2020
EMP0733,Sarah Beasley,40,HR,103480,5/7/2023
EMP0734,Ryan Lopez,22,Finance,121050,8/3/2018
EMP0735,Stephen Gonzales,40,Data Science,92465,11/21/2023
EMP0736,John Williams,41,Marketing,98950,6/17/2021
EMP0737,Kimberly Casey,46,Data Science,89805,7/29/2024
EMP0738,Mark Foster,57,Sales,51528,5/8/2024
EMP0739,James Lopez,39,HR,144102,9/24/2022
EMP0740,Mark Hernandez MD,35,Sales,74287,4/5/2018
EMP0741,Diane Thomas,31,Finance,88792,12/30/2023
EMP0742,Angela Young,38,IT,141412,2/26/2020
EMP0743,Tracy Alexander,25,Data Science,109164,4/13/2020
EMP0744,Patricia Mueller,30,Marketing,149001,11/4/2020
EMP0745,Rachel Wilson,26,HR,127397,5/3/2017
EMP0746,Brittney Edwards,57,IT,37418,4/25/2015
EMP0747,Daniel Lee,37,Data Science,89721,3/23/2024
EMP0748,Toni Flowers,25,Sales,37472,1/1/2017
EMP0749,Nathaniel Alexander,47,Data Science,69642,8/9/2019
EMP0750,Melissa Walker,48,HR,145469,2/1/2025
EMP0751,Jennifer Garza,36,Finance,88376,9/24/2016
EMP0752,Richard Anderson,51,Data Science,42154,1/30/2016
EMP0753,Richard Schmidt,59,Data Science,35592,7/14/2019
EMP0754,Sherry Henderson,37,Data Science,69616,4/23/2021
EMP0755,Jeffrey Dyer,47,Finance,74035,3/28/2020
EMP0756,Louis Klein,24,Data Science,66751,2/3/2020
EMP0757,Gabriel Ford,51,Marketing,65544,3/25/2017
EMP0758,Aaron Alvarez,35,Finance,111628,3/3/2022
EMP0759,Evan Smith,38,Sales,81773,3/24/2015
EMP0760,Tyler Richards,35,Finance,38538,7/24/2020
EMP0761,Bobby Hoffman,29,Sales,132161,1/16/2019
EMP0762,Alex Valdez,38,Marketing,136407,5/19/2018
EMP0763,Jessica Tanner,45,Sales,80796,2/2/2020
EMP0764,Emma Weiss,40,IT,112928,2/13/2021
EMP0765,Brandon West,39,HR,56518,12/28/2021
EMP0766,Miguel Wade,26,Sales,98854,2/25/2017
EMP0767,Molly Galvan,30,Marketing,53603,7/3/2017
EMP0768,Kevin Burton,24,HR,93671,8/20/2022
EMP0769,Eric Cooper,26,IT,43699,5/20/2019
EMP0770,Andrea Smith,36,HR,132554,7/31/2024
EMP0771,Meredith Hill,53,Finance,33258,7/19/2017
EMP0772,Nathan Moore,24,Marketing,121807,4/12/2022
EMP0773,Sarah Shields,53,Finance,123852,11/12/2024
EMP0774,Amy Ortiz,53,Finance,98165,2/7/2022
EMP0775,Jeffery Santiago,51,Marketing,85481,3/20/2020
EMP0776,Melanie Ford,53,IT,99790,2/24/2024
EMP0777,Timothy Lewis,49,IT,87691,6/17/2015
EMP0778,Matthew Burns,47,IT,113115,10/8/2020
EMP0779,Allison Schwartz,27,IT,136661,12/1/2021
EMP0780,Taylor Levy,38,IT,149044,5/16/2024
EMP0781,Brett Alvarez,30,Marketing,104938,7/2/2024
EMP0782,Hannah Mcintyre,26,Data Science,70172,9/27/2018
EMP0783,Robert Anthony,42,Data Science,147719,3/25/2024
EMP0784,Danielle Lee,48,Data Science,113579,6/21/2019
EMP0785,Victoria Frank,31,Data Science,103949,6/22/2019
EMP0786,Rodney Smith,32,Sales,104459,1/10/2021
EMP0787,Carol Henry,47,Data Science,33243,4/30/2023
EMP0788,Frank Smith,22,Marketing,149206,3/21/2019
EMP0789,Colleen Kirk,32,Data Science,87052,5/2/2020
EMP0790,Matthew Duffy,41,HR,65164,5/6/2018
EMP0791,Thomas Barnes,26,Marketing,118168,1/20/2022
EMP0792,Larry Mason,52,Finance,32824,8/8/2018
EMP0793,Thomas Gillespie,52,HR,70318,5/12/2023
EMP0794,Michael Rodriguez,41,Marketing,110628,5/29/2019
EMP0795,Jacqueline Richardson,50,Data Science,94516,3/1/2016
EMP0796,Ronald Nelson,24,Sales,129163,4/3/2016
EMP0797,Mary Clark,48,Finance,62294,5/6/2017
EMP0798,Kenneth Walter,48,Sales,120617,5/8/2016
EMP0799,Joshua Palmer,29,Finance,49927,5/22/2019
EMP0800,Alexander Fox,26,HR,134249,3/16/2017
EMP0801,Eric Robinson,33,HR,50111,2/14/2017
EMP0802,Sabrina Johnson,54,Finance,51117,3/30/2017
EMP0803,David Reed,41,Marketing,57999,7/26/2023
EMP0804,Karen Banks,53,Sales,109536,2/26/2017
EMP0805,Jasmine Anderson DDS,25,IT,127576,12/22/2024
EMP0806,Gerald Vasquez,43,Data Science,112027,7/18/2017
EMP0807,Dustin Gonzalez,44,HR,43525,12/1/2024
EMP0808,Jennifer Kelley,56,IT,67106,2/19/2019
EMP0809,William Lee,32,Sales,58523,7/10/2018
EMP0810,Steven Taylor,39,IT,145083,3/24/2023
EMP0811,Jeanette Hall,50,HR,82683,12/21/2023
EMP0812,Matthew Barron,29,Finance,89766,6/12/2019
EMP0813,Katie Martin,38,Finance,67169,4/5/2020
EMP0814,Ashley Boyd,53,IT,148581,1/7/2024
EMP0815,Jessica Bowen,46,Data Science,56879,10/1/2016
EMP0816,Michael Jones,25,Finance,118416,1/27/2019
EMP0817,Daniel Mcdaniel,33,HR,31682,3/8/2023
EMP0818,Jacqueline Lambert,36,IT,79767,4/14/2019
EMP0819,Gary Ellison,35,HR,69373,5/12/2022
EMP0820,Martin Vaughn,33,Data Science,40639,3/28/2015
EMP0821,Wesley Thomas,41,IT,87790,1/29/2018
EMP0822,Gregory Hill,32,HR,85728,2/27/2025
EMP0823,Thomas Johnson,43,Marketing,107728,3/31/2021
EMP0824,Alexis Ayala,53,IT,137879,6/3/2023
EMP0825,Anthony Perez,26,Sales,105369,9/6/2016
EMP0826,Reginald Hernandez,48,HR,91663,1/7/2016
EMP0827,Rebecca Carter,47,Marketing,138504,2/15/2023
EMP0828,Kenneth Wells,55,Marketing,81984,1/19/2024
EMP0829,Kathy Taylor,34,Data Science,72008,9/17/2015
EMP0830,Lisa Wilson,30,Sales,123109,6/9/2019
EMP0831,Kendra Mills,49,Sales,78928,4/21/2019
EMP0832,Jody Rivera,24,Sales,125080,8/30/2023
EMP0833,Paul Bruce,60,Finance,110819,6/12/2016
EMP0834,Alan Whitaker,27,Sales,60387,9/1/2020
EMP0835,Patrick Nunez,28,Sales,86420,6/30/2024
EMP0836,Nicholas Harris,31,Marketing,74377,2/17/2022
EMP0837,Anita Weiss,50,Data Science,42490,11/21/2019
EMP0838,Jacqueline Price,42,Finance,93365,4/9/2015
EMP0839,Peggy Roach,39,IT,62007,5/11/2023
EMP0840,Justin Gilmore,32,Finance,31081,1/1/2025
EMP0841,Sarah Johnson,46,Sales,132943,2/22/2016
EMP0842,Nathaniel Anderson,33,Marketing,97310,3/18/2017
EMP0843,Erica Dalton,38,Marketing,131722,10/31/2022
EMP0844,Douglas Harris,48,HR,59340,1/20/2021
EMP0845,Kevin Simpson,26,Sales,43063,9/26/2021
EMP0846,Deborah King,29,HR,81013,6/14/2020
EMP0847,Brianna Ellis,33,Sales,129893,12/7/2019
EMP0848,Lisa Green,46,Data Science,49758,12/21/2016
EMP0849,Ashley Russell,22,Marketing,77037,5/13/2019
EMP0850,Brianna Nelson,22,Finance,137623,3/6/2021
EMP0851,Robert Harmon,44,IT,91321,4/18/2021
EMP0852,Jessica Hamilton,57,Data Science,82342,5/24/2018
EMP0853,Christine Young,32,Data Science,32562,9/16/2018
EMP0854,David Kim,22,Finance,137506,12/7/2017
EMP0855,Nichole Norton,38,Marketing,39410,8/24/2021
EMP0856,Lisa Phillips,33,IT,116744,3/17/2022
EMP0857,Melissa Clark,42,Finance,133547,2/2/2024
EMP0858,Raymond Wright,49,IT,49305,8/22/2024
EMP0859,Tracy Johnson,27,Finance,98932,5/11/2022
EMP0860,Anthony French,30,Data Science,126845,5/2/2020
EMP0861,Amy Jones,41,HR,66275,3/10/2021
EMP0862,Jason Bell,41,Finance,35077,7/4/2015
EMP0863,Randy Moore,32,Sales,129582,7/2/2018
EMP0864,Jessica Newton,45,HR,48428,5/29/2019
EMP0865,Daniel Hughes,52,Marketing,65073,11/5/2015
EMP0866,Patrick Flores,31,Sales,32964,3/18/2017
EMP0867,Emma Cox,32,Marketing,85234,5/19/2015
EMP0868,Michele Mercado,35,Sales,50373,5/21/2019
EMP0869,Stephen Sullivan,23,Sales,57971,6/4/2024
EMP0870,Mrs. Brandy Christensen,39,Sales,67722,4/22/2023
EMP0871,Lori Sullivan,32,Data Science,54439,4/5/2019
EMP0872,Jessica Parker,30,Finance,85109,1/31/2018
EMP0873,Benjamin Odonnell,42,IT,140744,9/16/2020
EMP0874,Tanner May,45,Sales,47429,5/14/2015
EMP0875,James Hughes,44,Marketing,122842,2/11/2023
EMP0876,Jennifer Willis,58,Sales,75043,8/23/2024
EMP0877,Jeffrey Huffman,29,IT,132381,12/15/2021
EMP0878,Justin Andrews,31,Finance,54636,10/13/2021
EMP0879,Eric Nguyen,25,Marketing,83440,8/3/2018
EMP0880,Emily Avery,26,HR,36699,7/10/2015
EMP0881,Pamela Brown,55,Sales,80230,2/3/2016
EMP0882,David Sandoval,55,Sales,30426,10/26/2022
EMP0883,Brian Santos,29,Marketing,125153,5/23/2017
EMP0884,Robert Wallace,41,IT,90680,7/19/2017
EMP0885,Christopher Zuniga,32,Finance,52744,10/13/2021
EMP0886,Laura Flowers,50,Sales,97744,7/11/2016
EMP0887,Kelsey Bishop,39,Marketing,75967,9/13/2019
EMP0888,Regina Parker,32,HR,112642,5/21/2019
EMP0889,Roberta Harris,35,IT,134700,1/10/2024
EMP0890,Victor Pittman,52,Finance,128604,8/28/2018
EMP0891,Patricia Wilson,49,Finance,123028,2/26/2025
EMP0892,Jill Fox,35,IT,32093,8/5/2021
EMP0893,Lisa Herrera,31,IT,68984,7/18/2020
EMP0894,Paul Price,52,Marketing,40966,9/21/2024
EMP0895,Joshua Chandler,55,Data Science,38334,3/13/2019
EMP0896,Christopher Evans,35,Data Science,128448,9/3/2016
EMP0897,Brittney Roy,54,Marketing,110733,5/14/2018
EMP0898,Jay Alvarez,28,HR,101952,7/23/2024
EMP0899,Jessica Gibson,51,IT,91842,5/18/2020
EMP0900,Christopher Hull,54,Sales,82249,8/20/2023
EMP0901,Angela Gibson,50,IT,82942,2/4/2020
EMP0902,Denise Hall,49,IT,30342,10/4/2017
EMP0903,David Chen,28,HR,91593,8/1/2018
EMP0904,Adam Mcdaniel,46,Data Science,58372,9/5/2020
EMP0905,Rebecca Foster,31,Data Science,91077,1/18/2019
EMP0906,Dawn Barnes,57,Marketing,130876,2/22/2016
EMP0907,Ashley Contreras,22,IT,44566,5/17/2018
EMP0908,Benjamin Myers,60,HR,129111,6/13/2016
EMP0909,Shane Lewis,54,Finance,57002,8/23/2021
EMP0910,Richard Hamilton,49,Data Science,102552,6/6/2017
EMP0911,Robert King,40,IT,46060,11/13/2016
EMP0912,Pam Mcknight,41,IT,97286,3/28/2016
EMP0913,Christopher Peck,34,HR,64229,7/1/2020
EMP0914,Crystal Ray,26,Finance,99906,5/8/2020
EMP0915,Tara Frey,40,Data Science,104244,9/9/2015
EMP0916,Madison Martin,38,Sales,95636,10/13/2023
EMP0917,Melody Harris,43,Marketing,56043,4/7/2022
EMP0918,Dr. Denise Hunt,38,Sales,108646,2/20/2024
EMP0919,Sabrina Smith,38,Sales,54332,6/2/2023
EMP0920,Travis King,40,Sales,66896,4/6/2021
EMP0921,Betty Parker,58,Finance,136455,6/22/2022
EMP0922,Sean Rowe,35,Sales,148072,4/3/2023
EMP0923,Briana Larsen,26,Sales,83242,12/12/2015
EMP0924,Corey Odonnell,54,HR,56671,3/27/2016
EMP0925,Richard Andrews,35,IT,44087,2/16/2023
EMP0926,Sandra Wheeler,33,IT,131605,1/29/2023
EMP0927,Gina Hughes,50,HR,119462,6/3/2024
EMP0928,Gabrielle Davila,29,IT,81552,3/6/2023
EMP0929,Shawn Joseph,48,Marketing,60484,5/20/2015
EMP0930,Brett Herrera,59,Finance,103868,3/24/2022
EMP0931,Brenda Taylor,34,IT,124113,5/18/2023
EMP0932,Mr. Daniel Kennedy,28,IT,35497,4/14/2024
EMP0933,Anne Wyatt,52,HR,107051,2/27/2019
EMP0934,Kerri Fisher,56,IT,117397,10/7/2021
EMP0935,Dawn Moran,24,Data Science,62988,7/11/2022
EMP0936,Gloria Davis,36,Data Science,143226,2/8/2023
EMP0937,Edward Lee,41,Data Science,146646,6/3/2024
EMP0938,Meghan Berg,49,Data Science,93699,3/16/2024
EMP0939,Amber Hammond,44,Data Science,90953,6/29/2015
EMP0940,Rachel Pugh,28,Data Science,49170,1/1/2024
EMP0941,John Mayo,27,HR,142954,11/22/2018
EMP0942,Angela Wright,43,Marketing,31187,5/4/2018
EMP0943,Dennis Odom,25,Sales,60364,10/7/2020
EMP0944,Anna Cohen,25,IT,43704,7/10/2018
EMP0945,Bruce Mason,42,HR,129736,12/14/2019
EMP0946,Austin Mccarthy,58,Finance,79225,10/14/2017
EMP0947,Curtis French,24,Marketing,115641,8/22/2020
EMP0948,Alison Weiss,47,Sales,67667,11/5/2022
EMP0949,Ethan Farmer,30,HR,72491,6/24/2022
EMP0950,Michele Dennis,40,IT,70840,1/3/2019
EMP0951,Jason Day,57,HR,34928,7/5/2024
EMP0952,Andrea Gates,26,Finance,55117,1/8/2021
EMP0953,Jonathan Melendez,34,Finance,34509,7/29/2018
EMP0954,Margaret Smith,30,IT,48704,7/17/2016
EMP0955,Travis Martinez,28,Sales,56160,7/23/2020
EMP0956,Karen Simmons,43,Data Science,147316,1/9/2020
EMP0957,Sarah Wade,34,HR,136420,9/11/2023
EMP0958,Ricky Smith,27,Sales,123192,2/10/2023
EMP0959,Nathan Cooper,27,Data Science,56480,10/13/2020
EMP0960,Mr. Keith Mccormick,46,Data Science,39507,9/21/2016
EMP0961,Christopher Key,35,Finance,33598,6/14/2023
EMP0962,Kristen Ellis,52,HR,145894,5/10/2021
EMP0963,Kaitlyn Williams,47,IT,123201,2/24/2022
EMP0964,Charles Hansen,52,Finance,84501,9/28/2019
EMP0965,Allison Lewis,39,Marketing,58893,3/7/2020
EMP0966,Catherine Nguyen,33,Sales,59911,9/12/2017
EMP0967,Jose Garner,41,Finance,75026,4/6/2017
EMP0968,Andrew Navarro,35,Marketing,38563,1/10/2016
EMP0969,Brent Walker,33,Finance,117060,11/16/2023
EMP0970,Margaret Barnes,34,IT,127360,2/6/2021
EMP0971,Anthony Hernandez Jr.,59,IT,104300,3/14/2024
EMP0972,Jeremy Snyder,48,Marketing,98947,11/21/2020
EMP0973,John Campbell,32,Marketing,45637,7/16/2016
EMP0974,Jonathan Morrison,59,HR,34048,3/24/2024
EMP0975,Daniel Kim,38,Finance,92588,5/13/2017
EMP0976,Judith Payne,23,Marketing,52121,6/4/2015
EMP0977,Brett Vincent,44,Data Science,86774,4/25/2020
EMP0978,Matthew Walker,48,Finance,146523,11/9/2024
EMP0979,Alexa Allen,52,Finance,50536,8/17/2021
EMP0980,Amber Romero,54,Sales,129761,1/26/2017
EMP0981,Alexander Ford,28,HR,52614,6/13/2024
EMP0982,Mark Harris,26,HR,32046,7/9/2023
EMP0983,Samuel Haynes,56,Marketing,59533,8/16/2020
EMP0984,Kyle Perez,43,Sales,109416,12/23/2017
EMP0985,John Joseph,48,HR,118047,10/17/2017
EMP0986,Gabriel Rivera,38,IT,43598,5/26/2017
EMP0987,Thomas Meyer,49,Data Science,75224,8/6/2017
EMP0988,Scott Turner,31,Finance,82271,3/18/2024
EMP0989,Blake Freeman,31,Sales,58758,3/22/2018
EMP0990,Mr. Benjamin Bowman,53,Data Science,117806,2/9/2016
EMP0991,Peggy Lopez,36,Finance,143596,2/24/2020
EMP0992,Cameron Barr,57,Finance,79125,1/31/2020
EMP0993,Eric Johnson,23,Finance,81912,9/1/2019
EMP0994,Tammy Lyons,32,Data Science,35757,11/16/2019
EMP0995,Thomas Graham,22,IT,42311,3/20/2016
EMP0996,Jeffrey Evans,27,Finance,64791,12/22/2020
EMP0997,Cody Harvey,33,Data Science,100326,10/27/2021
EMP0998,Mr. Ryan Henderson,47,Sales,126945,11/6/2016
EMP0999,Mr. Nicholas Snyder DDS,26,Sales,84257,1/4/2019
EMP1000,Sara Lawson,27,HR,115128,10/17/2015
